group,query,rank,id,title,author,likes,comments,score,detail_sample
state_core,上学 精神状态,6,67d4382e000000001e00b1a7,大学能不能还给大学生成年人类的自由,氪氟,23572,2445,15,"{""ok"": true, ""schema_version"": ""1"", ""data"": {""cursor_score"": """", ""items"": [{""id"": ""67d4382e000000001e00b1a7"", ""model_type"": ""note"", ""note_card"": {""note_id"": ""67d4382e000000001e00b1a7"", ""user"": {""user_id"": ""5d839233000000000100a8de"", ""nickname"": ""氪氟"", ""avatar"": ""https://sns-avatar-qc.xhscdn.com/avatar/1040g2jo31a7tb5g66q6g5nc3i8pg9a6um0fonog"", ""xsec_token"": ""ABYNnFNnOMY_w4Rds559_KMSbu-0Ff2WL54tabxeB4UAk=""}, ""tag_list"": [{""type"": ""topic"", ""id"": ""5ef0c787000000000101f13a"", ""name"": ""大学生社会""}, {""id"": ""5e95e8d4000000000100bc79"", ""name"": ""现代大学生"", ""type"": ""topic""}, {""name"": ""大学生活"", ""type"": ""topic"", ""id"": ""60a7976600000000010073f5""}, {""type"": ""topic"", ""id"": ""6358a685000000000101fbbc"", ""name"": ""大学生精神状态很稳定呀""}, {""type"": ""topic"", ""id"": ""606b0a7d000000000100440c"", ""name"": ""发疯""}], ""at_user_list"": [], ""time"": 1741961262000, ""last_update_time"": 1741961262000, ""type"": ""normal"", ""title"": ""大学能不能还给大学生成年人类的自由"", ""desc"": ""一想到大学里面实习，怀孕，晚自习，查寝，家长同意书会同时出现就想笑哈[再见R] #大学生社会[话题]# #现代大学生[话题]# #大学生活[话题]# #大学生精神状态很稳定呀[话题]# #发疯[话题]#"", ""interact_info"": {""comment_count"": ""2445"", ""share_count"": ""3884"", ""followed"": false, ""relation"": ""none"", ""liked"": false, ""liked_count"": ""2.4万"", ""collected"": false, ""collected_count"": ""1293""}, ""image_list"": [{""info_list"": [{""image_scene"": ""WB_PRV"", ""url"": ""http://sns-webpic-qc.xhscdn.com/202605081904/6e847af4ca7a522b817febec31180f2b/1040g00831f0tuv4flu605nc3i8pg9a6usjp5c70!nd_prv_wlt"
state_core,大学生 精神状态,8,68031be6000000001c00af16,大学水课就是一场巨大的狼人杀,小红薯66E8F3B8,6561,1159,13,"{""ok"": true, ""schema_version"": ""1"", ""data"": {""cursor_score"": """", ""items"": [{""id"": ""68031be6000000001c00af16"", ""model_type"": ""note"", ""note_card"": {""last_update_time"": 1745034214000, ""note_id"": ""68031be6000000001c00af16"", ""title"": ""大学水课就是一场巨大的狼人杀"", ""desc"": ""上课铃：天黑请闭眼。\n老师请睁眼，请问你今天要点谁的名字呢？\n老师请闭眼。\n学委请睁眼，已知老师今天点名点到了没来的同学，请问你要以“他在卫生间”/“他请假了”为理由来救他吗？\n同时，你还可以向老师举报其他没有到的同学，请问你要举报吗？\n学委请闭眼。\n准备第一节课课间就走的同学请睁眼，请赌老师会不会进行第二轮点名。\n同学请闭眼。\n代课请睁眼，请你选择是否签到，保护请你代课的同学。\n代课请闭眼。\n下课铃：天亮了，昨晚是个平安夜/xxx逃课被抓住了了。\n\t\n老师-狼人，学委-女巫，准备走的同学-预言家，代课-守卫\n多么完美的狼人杀#大学生[话题]# #大学[话题]# #当代大学生精神状态[话题]# #大学精神状态[话题]# #上课[话题]# #当代大学课堂[话题]# #独处是大学里最宝贵的技能[话题]# #大学生精神[话题]# #易碎大学生[话题]# #当代大学生上课[话题]# #狼人杀[话题]#"", ""image_list"": [{""trace_id"": """", ""info_list"": [{""image_scene"": ""WB_PRV"", ""url"": ""http://sns-webpic-qc.xhscdn.com/202605081905/eb035704113485d1e4db35bbf77cae64/notes_pre_post/1040g3k831gencp3h3s605pn7ti1ncdqnfk7p6s0!nd_prv_wlteh_webp_3""}, {""image_scene"": ""WB_DFT"", ""url"": ""http://sns-webpic-qc.xhscdn.com/202605081905/6ae812e75fc57b9c858ce234ffbe56fa/notes_pre_post/1040g3k831gencp3h3s605pn7ti1ncdqnfk7p6s0!nd_dft_wlteh_webp_3""}], ""url_pre"": ""http://sns-webpic-qc.xhscdn.com/202605081905/eb035704113485d1e4db35bbf77cae64/notes_pre_post/1040g3k831gencp3h3s605pn7ti1ncdqnfk7p6s0!nd_prv_wlteh_webp_3"", ""live_photo"": false, ""file_id"": """", ""width"": 1200, ""url_default"": ""http://sns-webpic-qc.xhscdn.com/202605081905/6ae812e75fc57b9c"
state_core,上学 精神状态,4,690b81b100000000030357a1,,Sea.€,15871,1130,13,"{""ok"": true, ""schema_version"": ""1"", ""data"": {""cursor_score"": """", ""items"": [{""id"": ""690b81b100000000030357a1"", ""model_type"": ""note"", ""note_card"": {""interact_info"": {""liked"": false, ""liked_count"": ""1.6万"", ""collected"": false, ""collected_count"": ""3407"", ""comment_count"": ""1130"", ""share_count"": ""1000"", ""followed"": false, ""relation"": ""none""}, ""image_list"": [{""height"": 1600, ""width"": 1200, ""trace_id"": """", ""url_pre"": ""http://sns-webpic-qc.xhscdn.com/202605081905/394a642218914d4b13056836b0386f8e/1040g00831ogs69f76m005pj5efo1ojd601or8eo!nd_prv_wlteh_webp_3"", ""live_photo"": false, ""file_id"": """", ""url"": """", ""info_list"": [{""image_scene"": ""WB_PRV"", ""url"": ""http://sns-webpic-qc.xhscdn.com/202605081905/394a642218914d4b13056836b0386f8e/1040g00831ogs69f76m005pj5efo1ojd601or8eo!nd_prv_wlteh_webp_3""}, {""image_scene"": ""WB_DFT"", ""url"": ""http://sns-webpic-qc.xhscdn.com/202605081905/871dc5aac2f614a4781c1770a59e9d37/1040g00831ogs69f76m005pj5efo1ojd601or8eo!nd_dft_wlteh_webp_3""}], ""url_default"": ""http://sns-webpic-qc.xhscdn.com/202605081905/871dc5aac2f614a4781c1770a59e9d37/1040g00831ogs69f76m005pj5efo1ojd601or8eo!nd_dft_wlteh_webp_3"", ""stream"": {}}], ""at_user_list"": [], ""time"": 1762361777000, ""last_update_time"": 1762361778000, ""type"": ""normal"", ""desc"": ""感觉大二现在没心气了。。。\n这学期以来，课越来越多，我不是一个很喜欢参加学校活动的人，也没有谈恋爱，除了舍友外没有任何社交，也不会打游戏，也没有任何兴趣爱好，每天都是教学楼，食堂，宿舍三点一线，大一的时候还会抽空出去逛个街买买衣服，逛逛kkv，muji或者x11，空闲的下午还会去打卡咖啡店，给自己找些有意"
state_core,上学 精神状态,9,69bcb152000000001b023167,我古怪又抽象的上学日记、、,暴躁小鲸,13382,707,13,"{""ok"": true, ""schema_version"": ""1"", ""data"": {""current_time"": 1778238304673, ""cursor_score"": """", ""items"": [{""note_card"": {""note_id"": ""69bcb152000000001b023167"", ""title"": ""我古怪又抽象的上学日记、、"", ""user"": {""nickname"": ""暴躁小鲸"", ""avatar"": ""https://sns-avatar-qc.xhscdn.com/avatar/64f98011f1c1fafcce5ebf76.jpg"", ""xsec_token"": ""ABBJDit1VUZrPV1LJXC46i3ti0g1n3APt3ifFkYaPGd2E="", ""user_id"": ""620fbc2e000000001000d310""}, ""time"": 1773973842000, ""last_update_time"": 1776423774000, ""share_info"": {""un_share"": false}, ""type"": ""normal"", ""desc"": ""#搞笑[话题]# #搞笑的日常[话题]# #研究生日常[话题]# #朋友圈文案[话题]# #plog[话题]# #抽象[话题]# #上学日记[话题]# #日常文案[话题]# #美好生活的记录者[话题]# #我爱上学[话题]##小红书REDSCHOOL[话题]#"", ""interact_info"": {""share_count"": ""3611"", ""followed"": false, ""relation"": ""none"", ""liked"": false, ""liked_count"": ""1.3万"", ""collected"": false, ""collected_count"": ""2053"", ""comment_count"": ""707""}, ""image_list"": [{""height"": 2560, ""width"": 1920, ""url"": """", ""info_list"": [{""image_scene"": ""WB_PRV"", ""url"": ""http://sns-webpic-qc.xhscdn.com/202605081905/ea92fc7901d6f4be0208bd2702fbf2e7/1040g00831ttus2kjn8005ogfngn41kogd8jsuro!nd_prv_wlteh_webp_3""}, {""image_scene"": ""WB_DFT"", ""url"": ""http://sns-webpic-qc.xhscdn.com/202605081905/c81eeaab356a9419e523ea64f163472a/1040g00831ttus2kjn8005ogfngn41kogd8jsuro!nd_dft_wlteh_webp_3""}], ""url_default"": ""http://sns-webpic-qc.xhscdn.com/202605081905/c81eeaab356a9419e523ea64f163472a/1040g00831ttus2kjn8005ogfngn41kogd8j"
state_core,大学生 精神状态,1,69e5e96f000000002102e9a8,大学正在逼死我,小羊忘汪旺😘,3603,447,8,"{""ok"": true, ""schema_version"": ""1"", ""data"": {""cursor_score"": """", ""items"": [{""id"": ""69e5e96f000000002102e9a8"", ""model_type"": ""note"", ""note_card"": {""user"": {""avatar"": ""https://sns-avatar-qc.xhscdn.com/avatar/1040g2jo31qj8rfrnno5g5nm8ggj08kiseq32u60"", ""xsec_token"": ""ABfL32te6Tbx-JlXqcCCQ4EaPkF-KhRaunbC0BiJuQavY="", ""user_id"": ""5ec88426000000000100525c"", ""nickname"": ""小羊忘汪旺😘""}, ""interact_info"": {""share_count"": ""463"", ""followed"": false, ""relation"": ""none"", ""liked"": false, ""liked_count"": ""3603"", ""collected"": false, ""collected_count"": ""495"", ""comment_count"": ""447""}, ""image_list"": [{""height"": 2400, ""info_list"": [{""image_scene"": ""WB_PRV"", ""url"": ""http://sns-webpic-qc.xhscdn.com/202605081905/ffb1c9a70047a9fac512fdcdfd75511d/1040g2sg31v66bk672iig5nm8ggj08kis72t8qe8!nd_prv_wlteh_webp_3""}, {""image_scene"": ""WB_DFT"", ""url"": ""http://sns-webpic-qc.xhscdn.com/202605081905/0452d09aa17ecc1ae66e50cb50571b64/1040g2sg31v66bk672iig5nm8ggj08kis72t8qe8!nd_dft_wlteh_webp_3""}], ""stream"": {}, ""trace_id"": """", ""url_pre"": ""http://sns-webpic-qc.xhscdn.com/202605081905/ffb1c9a70047a9fac512fdcdfd75511d/1040g2sg31v66bk672iig5nm8ggj08kis72t8qe8!nd_prv_wlteh_webp_3"", ""url_default"": ""http://sns-webpic-qc.xhscdn.com/202605081905/0452d09aa17ecc1ae66e50cb50571b64/1040g2sg31v66bk672iig5nm8ggj08kis72t8qe8!nd_dft_wlteh_webp_3"", ""live_photo"": false, ""file_id"": """", ""width"": 1440, ""url"": """"}, {""file_id"": """", ""height"": 2400, ""t"
state_core,上学 精神状态,3,69cbd4d5000000002102fc69,大学你赢了,一直以来所希望的是,4247,350,8,"{""ok"": true, ""schema_version"": ""1"", ""data"": {""items"": [{""id"": ""69cbd4d5000000002102fc69"", ""model_type"": ""note"", ""note_card"": {""interact_info"": {""collected"": false, ""collected_count"": ""212"", ""comment_count"": ""350"", ""share_count"": ""291"", ""followed"": false, ""relation"": ""none"", ""liked"": false, ""liked_count"": ""4247""}, ""time"": 1774965973000, ""last_update_time"": 1774966468000, ""share_info"": {""un_share"": false}, ""desc"": ""随便你吧，学校。而我只是一个学生。一个想睡觉的人。一个脑子不好的弱智。一个社交能力低下的外星生物。一个体能不行的废柴。放假好吗，佛在救你。#大学[话题]# #大学生崩溃瞬间[话题]# #本来上学就烦[话题]# #好想退学[话题]#"", ""user"": {""xsec_token"": ""ABe3UaMuUWXjI5xvZpoLdXDW6pts8NtIIQPBFyRltazj4="", ""user_id"": ""662c9054000000000303231c"", ""nickname"": ""一直以来所希望的是"", ""avatar"": ""https://sns-avatar-qc.xhscdn.com/avatar/1040g2jo31vrtdcqb2qeg5phci1a0u8osb8d7f0g""}, ""title"": ""大学你赢了"", ""image_list"": [{""url"": """", ""trace_id"": """", ""url_pre"": ""http://sns-webpic-qc.xhscdn.com/202605081905/ea088d173c3f331f88e096c731a07a32/1040g2sg31ucntu06iic05phci1a0u8os3cbtcio!nd_prv_wlteh_webp_3"", ""url_default"": ""http://sns-webpic-qc.xhscdn.com/202605081905/ba7e608d9d5e9730888093cf55806021/1040g2sg31ucntu06iic05phci1a0u8os3cbtcio!nd_dft_wlteh_webp_3"", ""file_id"": """", ""height"": 1600, ""width"": 1200, ""info_list"": [{""url"": ""http://sns-webpic-qc.xhscdn.com/202605081905/ea088d173c3f331f88e096c731a07a32/1040g2sg31ucntu06iic05phci1a0u8os3cbtcio!nd_prv_wlteh_webp_3"", ""image_scene"": ""WB_PRV""}, {""image_scene"": ""WB_DFT"", "
state_core,今日精神状态,6,69fd4de3000000001e00d956,今日的精神状态,偷偷潜水的成哥,445,98,7,"{""ok"": true, ""schema_version"": ""1"", ""data"": {""cursor_score"": """", ""items"": [{""id"": ""69fd4de3000000001e00d956"", ""model_type"": ""note"", ""note_card"": {""interact_info"": {""share_count"": ""4"", ""followed"": false, ""relation"": ""none"", ""liked"": false, ""liked_count"": ""446"", ""collected"": false, ""collected_count"": ""4"", ""comment_count"": ""98""}, ""image_list"": [{""info_list"": [{""image_scene"": ""WB_PRV"", ""url"": ""http://sns-webpic-qc.xhscdn.com/202605081905/78ee9b63982eb86f15890294cfbef8cb/notes_uhdr/1040g3qo31vt201tqiq705o966dlg8akv2t7n3e0!nd_prv_wgth_webp_3""}, {""image_scene"": ""WB_DFT"", ""url"": ""http://sns-webpic-qc.xhscdn.com/202605081905/6d754e64aa2a55ff50594715fef1c3ab/notes_uhdr/1040g3qo31vt201tqiq705o966dlg8akv2t7n3e0!nd_dft_wgth_webp_3""}], ""url_pre"": ""http://sns-webpic-qc.xhscdn.com/202605081905/78ee9b63982eb86f15890294cfbef8cb/notes_uhdr/1040g3qo31vt201tqiq705o966dlg8akv2t7n3e0!nd_prv_wgth_webp_3"", ""stream"": {""h264"": [{""backup_urls"": [""http://sns-bak-v1.xhscdn.com/stream/1/10/19/01e9fd4de2134912010050039e0578a6b0_19.mp4""], ""master_url"": ""http://sns-video-hs.xhscdn.com/stream/1/10/19/01e9fd4de2134912010050039e0578a6b0_19.mp4?sign=9cfa6afc24c0c09efc545e315e5b94f2&t=6a0260a6""}], ""h265"": [], ""h266"": [], ""av1"": []}, ""live_photo"": true, ""height"": 3024, ""trace_id"": """", ""url"": """", ""url_default"": ""http://sns-webpic-qc.xhscdn.com/202605081905/6d754e64aa2a55ff50594715fef1c3ab/notes_uhdr/1040g3qo31vt201tqi"
state_core,大学生 精神状态,3,69fc04ba00000000380372f3,棒棒预警⚠️大学生五一返校精神状态实录,支付宝学生模式,66,68,6,"{""ok"": true, ""schema_version"": ""1"", ""data"": {""cursor_score"": """", ""items"": [{""id"": ""69fc04ba00000000380372f3"", ""model_type"": ""note"", ""note_card"": {""type"": ""normal"", ""image_list"": [{""url"": """", ""trace_id"": """", ""url_pre"": ""http://sns-webpic-qc.xhscdn.com/202605081905/594195c9d2b6e3490c155ce1a7e68579/spectrum/1040g0k031vropckj48005pkcorngubq3k4eva00!nd_prv_wlteh_webp_3"", ""height"": 2730, ""width"": 2048, ""url_default"": ""http://sns-webpic-qc.xhscdn.com/202605081905/c3d924316d6aaa80512c58b254ff52a3/spectrum/1040g0k031vropckj48005pkcorngubq3k4eva00!nd_dft_wlteh_webp_3"", ""stream"": {}, ""live_photo"": false, ""file_id"": """", ""info_list"": [{""url"": ""http://sns-webpic-qc.xhscdn.com/202605081905/594195c9d2b6e3490c155ce1a7e68579/spectrum/1040g0k031vropckj48005pkcorngubq3k4eva00!nd_prv_wlteh_webp_3"", ""image_scene"": ""WB_PRV""}, {""image_scene"": ""WB_DFT"", ""url"": ""http://sns-webpic-qc.xhscdn.com/202605081905/c3d924316d6aaa80512c58b254ff52a3/spectrum/1040g0k031vropckj48005pkcorngubq3k4eva00!nd_dft_wlteh_webp_3""}]}, {""info_list"": [{""image_scene"": ""WB_PRV"", ""url"": ""http://sns-webpic-qc.xhscdn.com/202605081905/225cb07f7ff216d5c6b39b9446e638cf/spectrum/1040g0k031vropckj480g5pkcorngubq3hpbdud0!nd_prv_wlteh_webp_3""}, {""image_scene"": ""WB_DFT"", ""url"": ""http://sns-webpic-qc.xhscdn.com/202605081905/06a82984c33aea353e70094f26031b11/spectrum/1040g0k031vropckj480g5pkcorngubq3hpbdud0!nd_dft_wlteh_webp_3""}], ""url_pre"": """
scene_daily,宿舍 精神状态,2,6790a532000000001902db4b,私密性的缺失是大学生活里最大的bug,碎嘴贝塔,17461,1712,15,"{""ok"": true, ""schema_version"": ""1"", ""data"": {""current_time"": 1778238315556, ""cursor_score"": """", ""items"": [{""id"": ""6790a532000000001902db4b"", ""model_type"": ""note"", ""note_card"": {""type"": ""normal"", ""title"": ""私密性的缺失是大学生活里最大的bug"", ""tag_list"": [{""id"": ""62215ef800000000010025c4"", ""name"": ""大大方方做自己"", ""type"": ""topic""}, {""name"": ""自我成长"", ""type"": ""topic"", ""id"": ""5c7119c4000000000d01b242""}, {""id"": ""62b1d5660000000001000290"", ""name"": ""大学生精神状态"", ""type"": ""topic""}, {""type"": ""topic"", ""id"": ""6646ec41000000001b03e815"", ""name"": ""unichi南非醉茄小熊""}, {""type"": ""topic"", ""id"": ""5bf76a432f2c08000100c90d"", ""name"": ""unichi""}, {""id"": ""60d02cea000000000101e96a"", ""name"": ""拒绝内耗"", ""type"": ""topic""}, {""type"": ""topic"", ""id"": ""5c2565830000000008015f99"", ""name"": ""文字的力量""}, {""id"": ""5d6e8c34000000000103e882"", ""name"": ""社交能力"", ""type"": ""topic""}, {""id"": ""5c2ade6c0000000008017d99"", ""name"": ""宿舍关系"", ""type"": ""topic""}, {""type"": ""topic"", ""id"": ""64d62c4b000000001403b2b1"", ""name"": ""大学生一定要打破信息差""}], ""last_update_time"": 1738414957000, ""time"": 1737540074000, ""share_info"": {""un_share"": false}, ""note_id"": ""6790a532000000001902db4b"", ""desc"": ""#大大方方做自己[话题]#\n理解了自己为什么在学校这么不稳定\n情绪、食欲、睡眠都好像过山车\n也理解了为什么我们总是被各种“独居生活”吸引\n一度认为那是消费主义的房间装横让人向往\n假期回家才突然发现那个小小的房间的独特魅力\n——那是个人生活和社会生活的边界\n\t\n人是需要私密空间的\n你爱一个人哭就哭爱打电话就打电话\n睡在地上打滚也随意\n一边自言自语一边哭也不担心之后有人打趣你的狼狈\n兴高采烈地打打电话没人在旁边突然和你同频共笑\n规划未来的时候没人旁敲侧击暗搓搓的把你划为竞争对象\n\t\n但是在现在的宿舍制度下没有这样的地方\n每次回家返校就是由奢入俭难\n有时候真佩服自己能够过"
scene_daily,宿舍 精神状态,10,666980120000000006004384,找到大学宿舍反人类的原因了,明冬,10400,930,15,{}
scene_daily,期末 精神状态,10,6853d3a90000000010010a8f,北大 期末周…,木风,5724,500,13,"{""ok"": true, ""schema_version"": ""1"", ""data"": {""cursor_score"": """", ""items"": [{""id"": ""6853d3a90000000010010a8f"", ""model_type"": ""note"", ""note_card"": {""last_update_time"": 1750399530000, ""share_info"": {""un_share"": false}, ""desc"": ""期末周总是会莫名崩溃…\n\t\n拿着高中的文凭\n用两周的时间\n速成一学期的大学知识\n大学生还是太厉害了\n#期末周[话题]# #破碎的大学生[话题]#"", ""user"": {""nickname"": ""木风"", ""avatar"": ""https://sns-avatar-qc.xhscdn.com/avatar/1040g2jo30v0hs3ol58605njfe8u09ciq8o2mfvg"", ""xsec_token"": ""ABfgu8ZNCt54YVXkKV6UaGz4QJhgSb4vlPmr33hohh1RM="", ""user_id"": ""5e6f723c000000000100b25a""}, ""interact_info"": {""relation"": ""none"", ""liked"": false, ""liked_count"": ""5724"", ""collected"": false, ""collected_count"": ""426"", ""comment_count"": ""500"", ""share_count"": ""328"", ""followed"": false}, ""image_list"": [{""url_pre"": ""http://sns-webpic-qc.xhscdn.com/202605081905/8d8500a5e9067d346be437798c01fc15/1040g00831ithqj85gm005njfe8u09ciq3adotgg!nd_prv_wlteh_webp_3"", ""url_default"": ""http://sns-webpic-qc.xhscdn.com/202605081905/7a3eca3e25a3ea708ff50f23056ca07b/1040g00831ithqj85gm005njfe8u09ciq3adotgg!nd_dft_wlteh_webp_3"", ""stream"": {""h266"": [], ""av1"": [], ""h264"": [{""master_url"": ""http://sns-video-hs.xhscdn.com/stream/1/10/19/01e853d3a60624a501005003978bf169d0_19.mp4?sign=72edf77a4a6678b8df5d72f02ecd9873&t=6a0260af"", ""backup_urls"": [""http://sns-bak-v1.xhscdn.com/stream/1/10/19/01e853d3a60624a501005003978bf169d0_19.mp4""]}], ""h265"": []}, ""live_photo"": true, ""height"": 2560"
scene_daily,周末 精神状态,10,67ca4a5b000000000b015f27,大学生们周末都打算做什么呢,糖糖之变形计,647,3738,10,"{""ok"": true, ""schema_version"": ""1"", ""data"": {""items"": [{""id"": ""67ca4a5b000000000b015f27"", ""model_type"": ""note"", ""note_card"": {""type"": ""normal"", ""desc"": ""#大学生精神状态[话题]# #大学生的状态[话题]# #大学生[话题]# #当代大学生的周末生活[话题]# #周末去哪[话题]# #大学生就该这样[话题]# #期待放假的大学生[话题]# #大学生不懂就问[话题]#"", ""user"": {""user_id"": ""64d82d88000000000100d7ab"", ""nickname"": ""糖糖之变形计"", ""avatar"": ""https://sns-avatar-qc.xhscdn.com/avatar/1040g2jo3198neuhd586g5p6o5m409ltbqk4fh9g"", ""xsec_token"": ""ABZTHiNiKkKTnHc2cEQVWxi6zxUsQwNCvhax4H44XpAaA=""}, ""tag_list"": [{""name"": ""大学生精神状态"", ""type"": ""topic"", ""id"": ""62b1d5660000000001000290""}, {""id"": ""60e073310000000001000898"", ""name"": ""大学生的状态"", ""type"": ""topic""}, {""id"": ""5be59bbac342190001ce933c"", ""name"": ""大学生"", ""type"": ""topic""}, {""id"": ""5d7488380000000002000c93"", ""name"": ""当代大学生的周末生活"", ""type"": ""topic""}, {""id"": ""56fb747afaa0525ab94f573d"", ""name"": ""周末去哪"", ""type"": ""topic""}, {""id"": ""6082d094000000000101e0a7"", ""name"": ""大学生就该这样"", ""type"": ""topic""}, {""id"": ""6383006200000000010004b3"", ""name"": ""期待放假的大学生"", ""type"": ""topic""}, {""id"": ""62daccd100000000010021e6"", ""name"": ""大学生不懂就问"", ""type"": ""topic""}], ""at_user_list"": [], ""last_update_time"": 1741310555000, ""note_id"": ""67ca4a5b000000000b015f27"", ""interact_info"": {""followed"": false, ""relation"": ""none"", ""liked"": false, ""liked_count"": ""647"", ""collected"": false, ""collected_count"": ""94"", ""comment_count"": ""3738"", ""share_count"": ""155""}, ""image_list"": [{""file_id"": """", ""height"":"
scene_daily,宿舍 精神状态,9,6901e4e0000000000302e960,恶俗企鹅低素质大学生宿舍篇(2),芮子(遇到问题🉑找我处理),3127,194,9,"{""ok"": true, ""schema_version"": ""1"", ""data"": {""cursor_score"": """", ""items"": [{""id"": ""6901e4e0000000000302e960"", ""model_type"": ""note"", ""note_card"": {""note_id"": ""6901e4e0000000000302e960"", ""type"": ""normal"", ""interact_info"": {""collected"": false, ""collected_count"": ""1171"", ""comment_count"": ""194"", ""share_count"": ""1290"", ""followed"": false, ""relation"": ""none"", ""liked"": false, ""liked_count"": ""3127""}, ""tag_list"": [{""id"": ""5ce164c0000000000d01b84e"", ""name"": ""企鹅"", ""type"": ""topic""}, {""id"": ""68db86770000000025033ead"", ""name"": ""三维威廉泰尔企鹅"", ""type"": ""topic""}, {""id"": ""5be16060743d3a000186cfe9"", ""name"": ""表情包"", ""type"": ""topic""}, {""id"": ""5dd4ddae00000000010060bc"", ""name"": ""精神状态"", ""type"": ""topic""}, {""id"": ""5be59bbac342190001ce933c"", ""name"": ""大学生"", ""type"": ""topic""}, {""type"": ""topic"", ""id"": ""5aa26719e39faf04f0c4e22d"", ""name"": ""室友""}, {""id"": ""62c2551e0000000001003b63"", ""name"": ""创飞所有人"", ""type"": ""topic""}, {""type"": ""topic"", ""id"": ""6503bc37000000000e037472"", ""name"": ""很美丽的精神状态""}, {""id"": ""65b516a3000000001301b500"", ""name"": ""古希腊掌管抽象的神"", ""type"": ""topic""}, {""id"": ""6241e4c3000000000101da47"", ""name"": ""企鹅表情包"", ""type"": ""topic""}], ""last_update_time"": 1763107934000, ""time"": 1761731808000, ""share_info"": {""un_share"": false}, ""title"": ""恶俗企鹅低素质大学生宿舍篇(2)"", ""desc"": ""做图太好玩儿了哈哈哈\n#企鹅[话题]# #三维威廉泰尔企鹅[话题]# #表情包[话题]# #精神状态[话题]# #大学生[话题]# #室友[话题]# #创飞所有人[话题]# #很美丽的精神状态[话题]#\n#古希腊掌管抽象的神[话题]# #企鹅表情包[话题]#"", ""user"": {""user_id"": ""64b75cb"
scene_daily,早八 精神状态,3,69e7233c0000000023025b86,早八打工人精神状态belike：,歪嘴小锅巴,2984,38,8,"{""ok"": true, ""schema_version"": ""1"", ""data"": {""items"": [{""model_type"": ""note"", ""note_card"": {""note_id"": ""69e7233c0000000023025b86"", ""type"": ""normal"", ""title"": ""早八打工人精神状态belike："", ""tag_list"": [{""type"": ""topic"", ""id"": ""631d7ec90000000001002cc5"", ""name"": ""打工人精神状态""}, {""id"": ""5f9416730000000001007f28"", ""name"": ""打工人表情包"", ""type"": ""topic""}, {""id"": ""5be16060743d3a000186cfe9"", ""name"": ""表情包"", ""type"": ""topic""}, {""name"": ""抽象表情包大赏"", ""type"": ""topic"", ""id"": ""675c04d9000000000401573e""}, {""id"": ""623b15ff0000000001006f2d"", ""name"": ""发疯表情包"", ""type"": ""topic""}], ""at_user_list"": [], ""time"": 1776770407000, ""last_update_time"": 1776755517000, ""ip_location"": ""重庆"", ""desc"": ""我承认我熬夜在先 但这个早八就一点错都没有吗\n喜欢早上7点的闹钟 像皇帝上早朝一样\n葡萄酒要醒15分钟 花要醒四五个小时 而我醒了却要立马去上班\n-\n早八多睡五分钟，上班路上练轻功😵就怕来不及吃早餐，一天的好状态都没了\n还好早餐搭子有赛百味蛋立方系列三明治🥪，上班路上下单高质量早餐，公司楼下就能取，多睡五分钟也完全不方！\n✨蛋方顶瓜瓜芝士三明治\n厚嫩焙煎蛋方裹着浓郁奶香芝士\n搭配爽口清脆黄瓜 一口敲满足\n✨火腿蛋方芝士三明治\n大片扎实火腿 蛋白质拉满 饱腹感强！\n✨热心肠蛋方芝士三明治\n肉食爱好者很难不爱！\n✨照烧鸡蛋方芝士三明治\n咸甜口鸡肉 一口下去嫩到爆汁\n而且赛百味早餐💳💰9.9r/30天 ，开💳即可🆓得蛋立方顶瓜瓜三明治+现磨美式两件套，相当于一单回本，简直不要太划算！\n有了顶瓜瓜的蛋立方🥪，每天早八的我状态都是顶呱呱！\n\t\n#打工人精神状态[话题]# #打工人表情包[话题]# #表情包[话题]# #抽象表情包大赏[话题]# #发疯表情包[话题]#"", ""user"": {""user_id"": ""6059bc5c00000000010087ab"", ""nickname"": ""歪嘴小锅巴"", ""avatar"": ""https://sns-avatar-qc.xhscdn.com/avatar/1040g2jo30vn5uj3j5q005o2pnhe091tb9d224c8"", ""xsec_token"": ""ABd1mRmpKluYPK3zsRV0-TxedabcNfmFM-BnFo8-JJYAQ=""}, ""interact_info"": {""collected"": false, ""collected_count"": ""325"","
scene_daily,早八 精神状态,5,69aed504000000002801ffaa,05女大plog｜早八人精神状态：Error 404🤯,缌缌,66,39,8,"{""ok"": true, ""schema_version"": ""1"", ""data"": {""cursor_score"": """", ""items"": [{""model_type"": ""note"", ""note_card"": {""tag_list"": [{""name"": ""Plog"", ""type"": ""topic"", ""id"": ""5d578db9000000000103d9d6""}, {""id"": ""5fbdb019000000000101f0cc"", ""name"": ""早八人"", ""type"": ""topic""}, {""id"": ""5ebbb0e30000000001003f3d"", ""name"": ""备考日常"", ""type"": ""topic""}, {""id"": ""5fa2746400000000010074cc"", ""name"": ""计算机二级"", ""type"": ""topic""}, {""id"": ""6397266e0000000001000142"", ""name"": ""我的大学生活Plog"", ""type"": ""topic""}, {""id"": ""5ceb776e000000000d02aa00"", ""name"": ""忙碌的周一"", ""type"": ""topic""}, {""id"": ""5bf226d08dde1f00016ed45a"", ""name"": ""校园日常"", ""type"": ""topic""}, {""id"": ""5dd4ddae00000000010060bc"", ""name"": ""精神状态"", ""type"": ""topic""}, {""name"": ""Error404"", ""type"": ""topic"", ""id"": ""61237b6600000000010083fe""}, {""id"": ""642589c5000000000901b315"", ""name"": ""大学生活分享篇"", ""type"": ""topic""}], ""time"": 1773065476000, ""note_id"": ""69aed504000000002801ffaa"", ""type"": ""normal"", ""user"": {""user_id"": ""684c2c6c000000001d014499"", ""nickname"": ""缌缌"", ""avatar"": ""https://sns-avatar-qc.xhscdn.com/avatar/1040g2jo31tftr9fr5k005q2c5hm7ah4p1ed2vao"", ""xsec_token"": ""AB3fuFt9uYtQlz8snBlRNi8HHsZcUSWx_uBcX3c7rlN_0=""}, ""image_list"": [{""file_id"": """", ""url"": """", ""info_list"": [{""image_scene"": ""WB_PRV"", ""url"": ""http://sns-webpic-qc.xhscdn.com/202605081905/9a499008a91941f5a279c0245d981816/notes_pre_post/1040g3k831tgdc29b62ag5q2c5hm7ah4p3svka48!nd_prv_wlteh_webp_3""}, {""image_scene"": ""W"
scene_daily,群聊 精神状态,1,6831c0fd000000000f0319ae,思想交流，情感共鸣，认知深化，自我实现,槐木,797,1261,8,"{""ok"": true, ""schema_version"": ""1"", ""data"": {""cursor_score"": """", ""items"": [{""id"": ""6831c0fd000000000f0319ae"", ""model_type"": ""note"", ""note_card"": {""image_list"": [{""file_id"": """", ""url"": """", ""url_pre"": ""http://sns-webpic-qc.xhscdn.com/202605081905/0ad2b19d4c85782f4dd87be9459d4717/1040g2sg31hs68q723se05o02c3dg8jjls3epk68!nd_prv_wlteh_webp_3"", ""url_default"": ""http://sns-webpic-qc.xhscdn.com/202605081905/4a0413a261cd5347c7ea824762ae9b45/1040g2sg31hs68q723se05o02c3dg8jjls3epk68!nd_dft_wlteh_webp_3"", ""stream"": {}, ""live_photo"": false, ""height"": 1600, ""width"": 1200, ""trace_id"": """", ""info_list"": [{""image_scene"": ""WB_PRV"", ""url"": ""http://sns-webpic-qc.xhscdn.com/202605081905/0ad2b19d4c85782f4dd87be9459d4717/1040g2sg31hs68q723se05o02c3dg8jjls3epk68!nd_prv_wlteh_webp_3""}, {""image_scene"": ""WB_DFT"", ""url"": ""http://sns-webpic-qc.xhscdn.com/202605081905/4a0413a261cd5347c7ea824762ae9b45/1040g2sg31hs68q723se05o02c3dg8jjls3epk68!nd_dft_wlteh_webp_3""}]}, {""file_id"": """", ""height"": 1695, ""info_list"": [{""image_scene"": ""WB_PRV"", ""url"": ""http://sns-webpic-qc.xhscdn.com/202605081905/715f9ec1cdcc7b09608d1d8f37de9b46/1040g2sg31k9jpvq6j4705o02c3dg8jjl7unlj78!nd_prv_wlteh_webp_3""}, {""image_scene"": ""WB_DFT"", ""url"": ""http://sns-webpic-qc.xhscdn.com/202605081905/0de51861c8cc8fe4e403acc82bc381d1/1040g2sg31k9jpvq6j4705o02c3dg8jjl7unlj78!nd_dft_wlteh_webp_3""}], ""url_default"": ""http://sns-webpic-qc.xhscdn.com/20260"
copy_tone,发疯文学,3,67023b3e000000001902d36a,已读乱回发疯文学2.0,农村土豆人,61772,3708,15,"{""ok"": true, ""schema_version"": ""1"", ""data"": {""cursor_score"": """", ""items"": [{""id"": ""67023b3e000000001902d36a"", ""model_type"": ""note"", ""note_card"": {""time"": 1728199486000, ""share_info"": {""un_share"": false}, ""type"": ""normal"", ""title"": ""已读乱回发疯文学2.0"", ""desc"": ""已读乱回气亖人哈哈\n\t\n#动物表情包[话题]# #打工人日常[话题]# #打工人精神状态[话题]# #打工人[话题]# #已读乱回[话题]# #抽象[话题]# #这是什么奇奇怪怪的东西[话题]# #学生[话题]# #聊天[话题]# #聊天技巧[话题]#"", ""user"": {""user_id"": ""6367cc76000000001f0155e1"", ""nickname"": ""农村土豆人"", ""avatar"": ""https://sns-avatar-qc.xhscdn.com/avatar/63ce9cf877e8ec315ca9a5b8.jpg"", ""xsec_token"": ""ABG8EVWSMZgAtRByBV4PZIKMMt4SlQ-fDA41naFg5VD-g=""}, ""image_list"": [{""width"": 2049, ""url"": """", ""url_pre"": ""http://sns-webpic-qc.xhscdn.com/202605081905/556d6de6344add4b556837cddfd26136/1040g008318jrv6q3jq005or7phr7qlf1p3lo7pg!nd_prv_wlteh_webp_3"", ""live_photo"": false, ""file_id"": """", ""trace_id"": """", ""info_list"": [{""image_scene"": ""WB_PRV"", ""url"": ""http://sns-webpic-qc.xhscdn.com/202605081905/556d6de6344add4b556837cddfd26136/1040g008318jrv6q3jq005or7phr7qlf1p3lo7pg!nd_prv_wlteh_webp_3""}, {""image_scene"": ""WB_DFT"", ""url"": ""http://sns-webpic-qc.xhscdn.com/202605081905/28042f04cf2adfa6d7ded0c51553c47d/1040g008318jrv6q3jq005or7phr7qlf1p3lo7pg!nd_dft_wlteh_webp_3""}], ""url_default"": ""http://sns-webpic-qc.xhscdn.com/202605081905/28042f04cf2adfa6d7ded0c51553c47d/1040g008318jrv6q3jq005or7phr7qlf1p3lo7pg!nd_dft_wlteh_webp_3"", ""stream"": {}, ""height"": 20"
copy_tone,发疯文学,2,690b1bff000000000402abb4,太真实了哈哈哈哈哈哈哈哈哈哈,加菲猫咪团,16179,2393,13,"{""ok"": true, ""schema_version"": ""1"", ""data"": {""cursor_score"": """", ""items"": [{""id"": ""690b1bff000000000402abb4"", ""model_type"": ""note"", ""note_card"": {""time"": 1762335743000, ""share_info"": {""un_share"": false}, ""note_id"": ""690b1bff000000000402abb4"", ""desc"": ""大学生现在已经不是熬不熬夜的问题了\n而是根据明天的课表\n决定是熬大夜还是熬小夜\n#发疯文学[话题]# #把人笑拥了[话题]# #谁说不是呢[话题]# #搞笑[话题]# #我的精神状态很好啊[话题]# #说的就是我[话题]# #大学生精神状况[话题]# #人间真实[话题]# #精神状态领先一百年[话题]# #当代大学生现状[话题]#"", ""interact_info"": {""liked"": false, ""liked_count"": ""1.6万"", ""collected"": false, ""collected_count"": ""362"", ""comment_count"": ""2393"", ""share_count"": ""5372"", ""followed"": false, ""relation"": ""none""}, ""tag_list"": [{""id"": ""612db4120000000001002f67"", ""name"": ""发疯文学"", ""type"": ""topic""}, {""id"": ""651c5838000000000e000a08"", ""name"": ""把人笑拥了"", ""type"": ""topic""}, {""id"": ""61ca585000000000010007ec"", ""name"": ""谁说不是呢"", ""type"": ""topic""}, {""id"": ""5befe9e0ffd6080001cbb9cb"", ""name"": ""搞笑"", ""type"": ""topic""}, {""id"": ""63576b700000000001009f64"", ""name"": ""我的精神状态很好啊"", ""type"": ""topic""}, {""id"": ""616bbe88000000000101dc29"", ""name"": ""说的就是我"", ""type"": ""topic""}, {""id"": ""62bdfd120000000001006f0c"", ""name"": ""大学生精神状况"", ""type"": ""topic""}, {""id"": ""5dea1a44000000000100213e"", ""name"": ""人间真实"", ""type"": ""topic""}, {""id"": ""65742c160000000023022604"", ""name"": ""精神状态领先一百年"", ""type"": ""topic""}, {""id"": ""5e907a960000000001009262"", ""name"": ""当代大学生现状"", ""type"": ""topic""}], ""at_user_list"": [], ""type"": ""normal"", ""title"": ""太真实了哈哈哈哈哈哈哈哈哈哈"","
copy_tone,发疯文学,5,687c7518000000002001b8f7,抽象人必备表情包🤗淡淡的疯感,爆打小番茄,18393,1071,13,"{""ok"": true, ""schema_version"": ""1"", ""data"": {""current_time"": 1778238336955, ""cursor_score"": """", ""items"": [{""id"": ""687c7518000000002001b8f7"", ""model_type"": ""note"", ""note_card"": {""image_list"": [{""info_list"": [{""image_scene"": ""WB_PRV"", ""url"": ""http://sns-webpic-qc.xhscdn.com/202605081905/8b538ebbd9b90095011e35aeb0f3228d/notes_pre_post/1040g3k831k57f9ov32dg5ne065708qi2o6rcfco!nd_prv_wlteh_webp_3""}, {""image_scene"": ""WB_DFT"", ""url"": ""http://sns-webpic-qc.xhscdn.com/202605081905/1e113c0b58397886e8ceca8e38041a07/notes_pre_post/1040g3k831k57f9ov32dg5ne065708qi2o6rcfco!nd_dft_wlteh_webp_3""}], ""stream"": {}, ""file_id"": """", ""height"": 720, ""width"": 720, ""trace_id"": """", ""url"": """", ""url_pre"": ""http://sns-webpic-qc.xhscdn.com/202605081905/8b538ebbd9b90095011e35aeb0f3228d/notes_pre_post/1040g3k831k57f9ov32dg5ne065708qi2o6rcfco!nd_prv_wlteh_webp_3"", ""url_default"": ""http://sns-webpic-qc.xhscdn.com/202605081905/1e113c0b58397886e8ceca8e38041a07/notes_pre_post/1040g3k831k57f9ov32dg5ne065708qi2o6rcfco!nd_dft_wlteh_webp_3"", ""live_photo"": false}, {""info_list"": [{""url"": ""http://sns-webpic-qc.xhscdn.com/202605081905/b95863292769d8b04be718192f4f592c/notes_pre_post/1040g3k831k57gha5iu705ne065708qi2unisf70!nd_prv_wlteh_webp_3"", ""image_scene"": ""WB_PRV""}, {""image_scene"": ""WB_DFT"", ""url"": ""http://sns-webpic-qc.xhscdn.com/202605081905/b32fdcdd7a2341e66af8f80c6ffc4edb/notes_pre_post/1040g3k831k57gha5iu705ne065708"
copy_tone,发疯文学,6,67ad5f2e000000002803e48b,吃得苦中苦 伺候人上人,半半仙的橘宝,21795,1239,13,"{""ok"": true, ""schema_version"": ""1"", ""data"": {""items"": [{""id"": ""67ad5f2e000000002803e48b"", ""model_type"": ""note"", ""note_card"": {""image_list"": [{""url_pre"": ""http://sns-webpic-qc.xhscdn.com/202605081905/6e22aa7c34f9f7fbf45e1735ecda1894/1040g2sg31dr03j93gme05nf54b1g99rc13ro0s0!nd_prv_wlteh_webp_3"", ""stream"": {}, ""live_photo"": false, ""height"": 2362, ""width"": 1772, ""trace_id"": """", ""url_default"": ""http://sns-webpic-qc.xhscdn.com/202605081905/22aa39646ffc65e017fc1761628164b5/1040g2sg31dr03j93gme05nf54b1g99rc13ro0s0!nd_dft_wlteh_webp_3"", ""file_id"": """", ""url"": """", ""info_list"": [{""image_scene"": ""WB_PRV"", ""url"": ""http://sns-webpic-qc.xhscdn.com/202605081905/6e22aa7c34f9f7fbf45e1735ecda1894/1040g2sg31dr03j93gme05nf54b1g99rc13ro0s0!nd_prv_wlteh_webp_3""}, {""image_scene"": ""WB_DFT"", ""url"": ""http://sns-webpic-qc.xhscdn.com/202605081905/22aa39646ffc65e017fc1761628164b5/1040g2sg31dr03j93gme05nf54b1g99rc13ro0s0!nd_dft_wlteh_webp_3""}]}, {""file_id"": """", ""url"": """", ""trace_id"": """", ""stream"": {}, ""live_photo"": false, ""height"": 2362, ""width"": 1772, ""info_list"": [{""image_scene"": ""WB_PRV"", ""url"": ""http://sns-webpic-qc.xhscdn.com/202605081905/9f6db4f67ef5ed3424ce7625cd1d06e4/1040g2sg31dr03j93gmeg5nf54b1g99rc3067nk0!nd_prv_wlteh_webp_3""}, {""image_scene"": ""WB_DFT"", ""url"": ""http://sns-webpic-qc.xhscdn.com/202605081905/653395e96f28bc9654420f65dafc9c60/1040g2sg31dr03j93gmeg5nf54b1g99rc3067nk0!nd_dft_wlteh_webp_3"""
copy_tone,嘴硬 文案,5,6856ca130000000012022adc,,毛茸茸日记,34104,1687,13,"{""ok"": true, ""schema_version"": ""1"", ""data"": {""cursor_score"": """", ""items"": [{""note_card"": {""last_update_time"": 1750518291000, ""type"": ""normal"", ""title"": """", ""interact_info"": {""liked_count"": ""3.4万"", ""collected"": false, ""collected_count"": ""1万"", ""comment_count"": ""1687"", ""share_count"": ""2671"", ""followed"": false, ""relation"": ""none"", ""liked"": false}, ""tag_list"": [{""id"": ""5ffbb8a8000000000101e5e1"", ""name"": ""小狗日记"", ""type"": ""topic""}], ""at_user_list"": [], ""share_info"": {""un_share"": false}, ""note_id"": ""6856ca130000000012022adc"", ""desc"": ""亲爱的宝宝 你不应该沉默 你应该告诉我你的想法 告诉我你的需求\n如果你想丢掉我你也应该坦诚的跟我说\n我会欣然接受的\n我只希望我的真心不会给错人\n我只希望我爱的人是对的我始终觉得人长了嘴\n就是应该要把误会给讲清楚\n沟通就是解决矛盾最直接的方式\n我们都应该去学会表达自己的情绪\n能够坦然的说出自己的不开心\n也能够大方的表达自己的爱意\n不应该是用沉默去制裁对方\n谈恋爱的时候 不要说反话\n不要说假话 更不要冷冰冰\n不要一言不合就开始内涵 不要含沙射影\n吵架的时候 不要总想着赢\n固执的人和嘴硬的人注定是要分开的\n宝宝 我总觉得恋爱不是博弈更不是棋逢对手\n我不是和你来比输赢的\n我想 我是来爱你的#小狗日记[话题]#"", ""user"": {""xsec_token"": ""ABgauDx57jfgZBjL2RT4Z4h21q0zSHsDj0LNkz20Tlwu4="", ""user_id"": ""673c3f9b000000001d02ec1f"", ""nickname"": ""毛茸茸日记"", ""avatar"": ""https://sns-avatar-qc.xhscdn.com/avatar/1040g2jo31muoqpcm6m005pps7udndr0vvd0k8ko""}, ""image_list"": [{""height"": 596, ""width"": 596, ""trace_id"": """", ""url_pre"": ""http://sns-webpic-qc.xhscdn.com/202605081905/23c67047d084203c21db52a6f9a3ff7a/1040g2sg31j0ed5rm1ceg5pps7udndr0vhlkmua0!nd_prv_wlteh_webp_3"", ""stream"": {}, ""live_photo"": false, ""file_id"": """", ""url"": """", ""info_list"": [{""image_scene"": ""WB_PRV"", "
copy_tone,朋友锐评,6,69eb32ac0000000019025c03,闲着没事 锐评朋友圈,咪咪ki,62,989,12,"{""ok"": true, ""schema_version"": ""1"", ""data"": {""cursor_score"": """", ""items"": [{""note_card"": {""note_id"": ""69eb32ac0000000019025c03"", ""type"": ""normal"", ""time"": 1777021613000, ""ip_location"": ""天津"", ""tag_list"": [{""type"": ""topic"", ""id"": ""5beaa1391c236400014ef490"", ""name"": ""朋友圈""}], ""at_user_list"": [], ""last_update_time"": 1777021613000, ""title"": ""闲着没事 锐评朋友圈"", ""desc"": ""所有人都会回复 接受不了锐评的不要发[得意R]\n#朋友圈[话题]#"", ""user"": {""xsec_token"": ""AB6vuoJMMSXYZxfeH5OlpFQRsJUCQwdpddy3NnrXLhvCg="", ""user_id"": ""62b9aea7000000001b028066"", ""nickname"": ""咪咪ki"", ""avatar"": ""https://sns-avatar-qc.xhscdn.com/avatar/1040g2jo31uqq6gc3j4005olplqjmt036e53vqd8""}, ""interact_info"": {""share_count"": ""5"", ""followed"": false, ""relation"": ""none"", ""liked"": false, ""liked_count"": ""62"", ""collected"": false, ""collected_count"": ""11"", ""comment_count"": ""989""}, ""image_list"": [{""url_pre"": ""http://sns-webpic-qc.xhscdn.com/202605081905/8c941d5729726b22ca70d1e83a678a09/notes_pre_post/1040g3k031vbc3l1hk0005olplqjmt036m0i4if8!nd_prv_wlteh_webp_3"", ""url_default"": ""http://sns-webpic-qc.xhscdn.com/202605081905/6b3d2d08b47285d5394d7d228d8c21fe/notes_pre_post/1040g3k031vbc3l1hk0005olplqjmt036m0i4if8!nd_dft_wlteh_webp_3"", ""stream"": {}, ""live_photo"": false, ""width"": 1200, ""trace_id"": """", ""url"": """", ""info_list"": [{""url"": ""http://sns-webpic-qc.xhscdn.com/202605081905/8c941d5729726b22ca70d1e83a678a09/notes_pre_post/1040g3k031vbc3l1hk0005olplqjmt036m0i4if8!nd"
copy_tone,嘴硬 文案,9,698d407d000000000a03df59,都炸了吧,momo生活版,4383,512,10,"{""ok"": true, ""schema_version"": ""1"", ""data"": {""cursor_score"": """", ""items"": [{""model_type"": ""note"", ""note_card"": {""last_update_time"": 1775012821000, ""title"": ""都炸了吧"", ""user"": {""nickname"": ""momo生活版"", ""avatar"": ""https://sns-avatar-qc.xhscdn.com/avatar/1040g2jo31rbpjjjmn40g5ofmjnr40hr1mc5fe18"", ""xsec_token"": ""AB10njSvLc1Dp26FZUWAj6PUUCR2FoamHAo7X3OrG9xeA="", ""user_id"": ""61f69df60000000010004761""}, ""image_list"": [{""file_id"": """", ""height"": 1600, ""url"": """", ""info_list"": [{""image_scene"": ""WB_PRV"", ""url"": ""http://sns-webpic-qc.xhscdn.com/202605081905/65bcf594b7cc698350a3c431ba0de5e5/1040g2sg31sfjveihlc005ofmjnr40hr1gp75k9g!nd_prv_wlteh_webp_3""}, {""image_scene"": ""WB_DFT"", ""url"": ""http://sns-webpic-qc.xhscdn.com/202605081905/f8c818dd995ea63f15f911f422f7a1f8/1040g2sg31sfjveihlc005ofmjnr40hr1gp75k9g!nd_dft_wlteh_webp_3""}], ""width"": 1200, ""trace_id"": """", ""url_pre"": ""http://sns-webpic-qc.xhscdn.com/202605081905/65bcf594b7cc698350a3c431ba0de5e5/1040g2sg31sfjveihlc005ofmjnr40hr1gp75k9g!nd_prv_wlteh_webp_3"", ""url_default"": ""http://sns-webpic-qc.xhscdn.com/202605081905/f8c818dd995ea63f15f911f422f7a1f8/1040g2sg31sfjveihlc005ofmjnr40hr1gp75k9g!nd_dft_wlteh_webp_3"", ""stream"": {}, ""live_photo"": false}], ""time"": 1770864765000, ""tag_list"": [], ""at_user_list"": [], ""share_info"": {""un_share"": false}, ""note_id"": ""698d407d000000000a03df59"", ""type"": ""normal"", ""desc"": ""人的嘴怎么能硬成这样？\n是男的都嘴硬，还是我老公的嘴特别硬？\n.\n硬到像某种合金"
copy_tone,朋友圈文案 精神状态,3,67e568b5000000001b03b3e0,高级且有病的文案,第二书房,8098,90,8,"{""ok"": true, ""schema_version"": ""1"", ""data"": {""cursor_score"": """", ""items"": [{""note_card"": {""at_user_list"": [], ""last_update_time"": 1743603967000, ""share_info"": {""un_share"": false}, ""note_id"": ""67e568b5000000001b03b3e0"", ""type"": ""normal"", ""desc"": ""#读书[话题]##高级感[话题]# #清醒文案[话题]# #无风格小众文案[话题]# #朋友圈搞笑文案[话题]# #趣味文案[话题]# #今日文案[话题]# #文艺句子[话题]# #搞笑文案[话题]# #拒绝内耗人间清醒文案[话题]# #短句文案[话题]# #小众文案[话题]# #每日文案[话题]# #高质量文案[话题]# #惊艳到你的句子[话题]# #乐观豁达的文案[话题]# #短句[话题]# #自由洒脱文案[话题]# #高级文案[话题]# #打动人心的句子[话题]# #看淡一切且通透的文案[话题]# #自由随性的小众文案[话题]# #振聋发聩的文字[话题]# #句子很短却字字入心[话题]# #走心文案[话题]#"", ""interact_info"": {""collected"": false, ""collected_count"": ""5180"", ""comment_count"": ""90"", ""share_count"": ""711"", ""followed"": false, ""relation"": ""none"", ""liked"": false, ""liked_count"": ""8098""}, ""time"": 1743087797000, ""title"": ""高级且有病的文案"", ""user"": {""user_id"": ""5e9be789000000000100b0ea"", ""nickname"": ""第二书房"", ""avatar"": ""https://sns-avatar-qc.xhscdn.com/avatar/1040g2jo315jiq0un0s605nkrsu4g9c7ab85p58o"", ""xsec_token"": ""ABgQXPbzLVGxJHDn6mXrDPQXry1Z8TLmlHU05B_Kv_j6U=""}, ""image_list"": [{""height"": 1680, ""width"": 1260, ""url_default"": ""http://sns-webpic-qc.xhscdn.com/202605081905/e308021e6ff11837a24ffe9d70f4d5b9/notes_pre_post/1040g3k031fhn6vfhnk005nkrsu4g9c7abh267mg!nd_dft_wlteh_webp_3"", ""stream"": {}, ""url_pre"": ""http://sns-webpic-qc.xhscdn.com/202605081905/b73bedcdd8cd486604d4f0f78ab29bc6/notes_pre_post/1040g3k031fhn6vfhnk005nkrsu4g9c7abh267mg!n"
test_result,MBTI 测试 朋友,4,66bc7cda000000001e01fb86,免费版😱MBTI人格测试,心语心声,14536,6876,17,"{""ok"": true, ""schema_version"": ""1"", ""data"": {""cursor_score"": """", ""items"": [{""note_card"": {""image_list"": [{""url_pre"": ""http://sns-webpic-qc.xhscdn.com/202605081905/b78251f8d32ca8a21ebba68a8a9f0737/spectrum/1040g0k0316fod6260m004a5o8avq0icdhe2pv90!nd_prv_wlteh_webp_3"", ""stream"": {}, ""width"": 693, ""url"": """", ""trace_id"": """", ""url_default"": ""http://sns-webpic-qc.xhscdn.com/202605081905/b24b0d10babcbce487d15d3a9768e546/spectrum/1040g0k0316fod6260m004a5o8avq0icdhe2pv90!nd_dft_wlteh_webp_3"", ""live_photo"": false, ""file_id"": """", ""height"": 925, ""info_list"": [{""image_scene"": ""WB_PRV"", ""url"": ""http://sns-webpic-qc.xhscdn.com/202605081905/b78251f8d32ca8a21ebba68a8a9f0737/spectrum/1040g0k0316fod6260m004a5o8avq0icdhe2pv90!nd_prv_wlteh_webp_3""}, {""image_scene"": ""WB_DFT"", ""url"": ""http://sns-webpic-qc.xhscdn.com/202605081905/b24b0d10babcbce487d15d3a9768e546/spectrum/1040g0k0316fod6260m004a5o8avq0icdhe2pv90!nd_dft_wlteh_webp_3""}]}, {""height"": 1660, ""url_pre"": ""http://sns-webpic-qc.xhscdn.com/202605081905/7cb809541b11eb2ac6acafd990a24852/spectrum/1040g0k0316fod60agk004a5o8avq0icdomodoq8!nd_prv_wlteh_webp_3"", ""stream"": {}, ""file_id"": """", ""width"": 1245, ""url"": """", ""trace_id"": """", ""info_list"": [{""image_scene"": ""WB_PRV"", ""url"": ""http://sns-webpic-qc.xhscdn.com/202605081905/7cb809541b11eb2ac6acafd990a24852/spectrum/1040g0k0316fod60agk004a5o8avq0icdomodoq8!nd_prv_wlteh_webp_3""}, {""image_scene"": ""WB_DFT"","
test_result,MBTI 测试 朋友,5,6831a2a0000000002202e6b6,快和朋友玩！t人和f人的无意义30问,地磁暴,19986,2122,15,"{""ok"": true, ""schema_version"": ""1"", ""data"": {""cursor_score"": """", ""items"": [{""id"": ""6831a2a0000000002202e6b6"", ""model_type"": ""note"", ""note_card"": {""interact_info"": {""share_count"": ""9446"", ""followed"": false, ""relation"": ""none"", ""liked"": false, ""liked_count"": ""2万"", ""collected"": false, ""collected_count"": ""6735"", ""comment_count"": ""2122""}, ""tag_list"": [{""type"": ""topic"", ""id"": ""5f58a84000000000010080bc"", ""name"": ""intp""}, {""id"": ""61002e1e00000000010039b9"", ""name"": ""infp"", ""type"": ""topic""}, {""id"": ""67c02dad0000000013013a59"", ""name"": ""无意义三十问"", ""type"": ""topic""}, {""id"": ""666bf458000000000202e5ff"", ""name"": ""人类不无聊"", ""type"": ""topic""}, {""name"": ""mbti梗图"", ""type"": ""topic"", ""id"": ""6217aa3300000000010033ad""}, {""id"": ""63241e8500000000010011f7"", ""name"": ""话题测试w"", ""type"": ""topic""}, {""id"": ""53b4d29ab4c4d61b0ba2ee94"", ""name"": ""情侣"", ""type"": ""topic""}, {""id"": ""5e799d8800000000010061d6"", ""name"": ""暧昧期"", ""type"": ""topic""}, {""type"": ""topic"", ""id"": ""64c65fc1000000003701af71"", ""name"": ""暧昧期升温""}, {""name"": ""crush"", ""type"": ""topic"", ""id"": ""5bf6749fc910f50001dcc3cc""}], ""at_user_list"": [], ""time"": 1748083360000, ""type"": ""normal"", ""title"": ""快和朋友玩！t人和f人的无意义30问"", ""user"": {""user_id"": ""65c751250000000013034cab"", ""nickname"": ""地磁暴"", ""avatar"": ""https://sns-avatar-qc.xhscdn.com/avatar/1040g2jo31rvoehsp42005pe7a4ikuj5bv7b2eag"", ""xsec_token"": ""ABBUjiKqDIVU_9i0RYIIdQn_z0hxA6cPzYVGVTOrYVRsM=""}, ""last_update_time"": 1748152715000, ""s"
test_result,人格测试 结果,2,69e97bec00000000220273ae,上天入地找不到比我更爱做测试的人了,白瓷梅子汤,7685,966,15,"{""ok"": true, ""schema_version"": ""1"", ""data"": {""cursor_score"": """", ""items"": [{""id"": ""69e97bec00000000220273ae"", ""model_type"": ""note"", ""note_card"": {""last_update_time"": 1776909292000, ""ip_location"": ""陕西"", ""type"": ""normal"", ""title"": ""上天入地找不到比我更爱做测试的人了"", ""desc"": ""已经做测试做出一整套赛博人格了[doge][doge][doge]\n来，都来～\n第二页开始是主包已经做过的\n#测试卷[话题]# #人格[话题]# #问卷[话题]# #我是谁[话题]#  #自我成长[话题]##心理测试[话题]#"", ""user"": {""user_id"": ""6487e72d000000001001fddc"", ""nickname"": ""白瓷梅子汤"", ""avatar"": ""https://sns-avatar-qc.xhscdn.com/avatar/1040g2jo3152hu3q3gu305p47ssmk3veshhattqo"", ""xsec_token"": ""AB8_EGmUJi2gaC8GUeIgaf2zcF0tMLwJv8f7YL5AaPSYw=""}, ""interact_info"": {""comment_count"": ""966"", ""share_count"": ""1017"", ""followed"": false, ""relation"": ""none"", ""liked"": false, ""liked_count"": ""7685"", ""collected"": false, ""collected_count"": ""5838""}, ""at_user_list"": [], ""note_id"": ""69e97bec00000000220273ae"", ""image_list"": [{""width"": 1200, ""info_list"": [{""image_scene"": ""WB_PRV"", ""url"": ""http://sns-webpic-qc.xhscdn.com/202605081905/62f82ce10e51911300e689d06af2d921/1040g00831v9mfm3l3q5g5p47ssmk3vesj6rhs20!nd_prv_wlteh_webp_3""}, {""image_scene"": ""WB_DFT"", ""url"": ""http://sns-webpic-qc.xhscdn.com/202605081905/0428a829e9ead96fb64e6cc5fb7bbef2/1040g00831v9mfm3l3q5g5p47ssmk3vesj6rhs20!nd_dft_wlteh_webp_3""}], ""live_photo"": false, ""height"": 1600, ""url"": """", ""trace_id"": """", ""url_pre"": ""http://sns-webpic-qc.xhscdn.com/202605081905/62f82ce10e51911300e689d06"
test_result,MBTI 测试 朋友,1,69f9d4c4000000001f0028fa,✨ 你的MBTI好友组合,丽丽生活家,85,1754,10,"{""ok"": true, ""schema_version"": ""1"", ""data"": {""cursor_score"": """", ""items"": [{""id"": ""69f9d4c4000000001f0028fa"", ""model_type"": ""note"", ""note_card"": {""user"": {""user_id"": ""696f57f30000000037031542"", ""nickname"": ""丽丽生活家"", ""avatar"": ""https://sns-avatar-qc.xhscdn.com/avatar/1040g2jo31rosepe0is6g5qbfavptu5a2tivg4q8"", ""xsec_token"": ""AB2gpSdgrpfzgVSzYEfPsd8mtp_BOspo6LCr-eFFs-h0s=""}, ""interact_info"": {""share_count"": ""31"", ""followed"": false, ""relation"": ""none"", ""liked"": false, ""liked_count"": ""85"", ""collected"": false, ""collected_count"": ""17"", ""comment_count"": ""1756""}, ""time"": 1777980612000, ""last_update_time"": 1777980613000, ""note_id"": ""69f9d4c4000000001f0028fa"", ""desc"": ""把你选的3个字母按顺序拼起来（比如：ENFP + ISFJ + ISTP），看看你的理想好友团是什么样的！\n#MBTI[话题]##MBTI16型人格[话题]# #MBTI解读[话题]#"", ""image_list"": [{""height"": 2390, ""width"": 1753, ""url"": """", ""info_list"": [{""image_scene"": ""WB_PRV"", ""url"": ""http://sns-webpic-qc.xhscdn.com/202605081905/54e9ac4137ac470eacede4f28ad0846d/notes_pre_post/1040g3k031vplet82ii6g5qbfavptu5a2uaeal18!nd_prv_wlteh_webp_3""}, {""image_scene"": ""WB_DFT"", ""url"": ""http://sns-webpic-qc.xhscdn.com/202605081905/b4945cce1e2f84f8a863f974d57eb767/notes_pre_post/1040g3k031vplet82ii6g5qbfavptu5a2uaeal18!nd_dft_wlteh_webp_3""}], ""live_photo"": false, ""file_id"": """", ""trace_id"": """", ""url_pre"": ""http://sns-webpic-qc.xhscdn.com/202605081905/54e9ac4137ac470eacede4f28ad0846d/notes_pre_post/1040g3k031vplet82ii6g5qbfa"
test_result,MBTI 测试 朋友,2,69f242ea0000000023017261,MBTI+你的选择,厨小娘,38,1273,10,"{""ok"": true, ""schema_version"": ""1"", ""data"": {""current_time"": 1778238359952, ""cursor_score"": """", ""items"": [{""id"": ""69f242ea0000000023017261"", ""model_type"": ""note"", ""note_card"": {""last_update_time"": 1777484523000, ""ip_location"": ""浙江"", ""note_id"": ""69f242ea0000000023017261"", ""type"": ""normal"", ""user"": {""avatar"": ""https://sns-avatar-qc.xhscdn.com/avatar/1040g2jo3120p5uvej46g5p7f9qr181tlraml050"", ""xsec_token"": ""AB8ToqwJVF-MZp44uFDGO7zK9mfKQZg2B8M_W3zn_3Dkw="", ""user_id"": ""64ef4eb600000000050007b5"", ""nickname"": ""厨小娘""}, ""image_list"": [{""height"": 2243, ""width"": 1280, ""trace_id"": """", ""info_list"": [{""url"": ""http://sns-webpic-qc.xhscdn.com/202605081905/473a756cc7a96ee8bc35bc5fc6278731/notes_pre_post/1040g3k831vi8kb7oiq7g5p7f9qr181tlsbdu14g!nd_prv_wlteh_webp_3"", ""image_scene"": ""WB_PRV""}, {""image_scene"": ""WB_DFT"", ""url"": ""http://sns-webpic-qc.xhscdn.com/202605081905/89843331e61334420125cf81e5acef3a/notes_pre_post/1040g3k831vi8kb7oiq7g5p7f9qr181tlsbdu14g!nd_dft_wlteh_webp_3""}], ""url_pre"": ""http://sns-webpic-qc.xhscdn.com/202605081905/473a756cc7a96ee8bc35bc5fc6278731/notes_pre_post/1040g3k831vi8kb7oiq7g5p7f9qr181tlsbdu14g!nd_prv_wlteh_webp_3"", ""live_photo"": false, ""file_id"": """", ""url"": """", ""url_default"": ""http://sns-webpic-qc.xhscdn.com/202605081905/89843331e61334420125cf81e5acef3a/notes_pre_post/1040g3k831vi8kb7oiq7g5p7f9qr181tlsbdu14g!nd_dft_wlteh_webp_3"", ""stream"": {}}], ""tag_list"": [{""id"": """
test_result,SBTI,1,69d83a7e000000002102d1d8,SBTI全新来袭,黎落（好运版）,519,714,10,"{""ok"": true, ""schema_version"": ""1"", ""data"": {""cursor_score"": """", ""items"": [{""id"": ""69d83a7e000000002102d1d8"", ""model_type"": ""note"", ""note_card"": {""share_info"": {""un_share"": false}, ""type"": ""normal"", ""image_list"": [{""stream"": {}, ""live_photo"": false, ""file_id"": """", ""width"": 1208, ""url"": """", ""url_pre"": ""http://sns-webpic-qc.xhscdn.com/202605081906/a78cb3d726f545dca4d530f0c62623a6/notes_pre_post/1040g3k031uor91u6ig0041554quqerq1vj621ho!nd_prv_wlteh_webp_3"", ""url_default"": ""http://sns-webpic-qc.xhscdn.com/202605081906/308bdcdd36b95ea24ee5cec31f78c440/notes_pre_post/1040g3k031uor91u6ig0041554quqerq1vj621ho!nd_dft_wlteh_webp_3"", ""height"": 2560, ""trace_id"": """", ""info_list"": [{""image_scene"": ""WB_PRV"", ""url"": ""http://sns-webpic-qc.xhscdn.com/202605081906/a78cb3d726f545dca4d530f0c62623a6/notes_pre_post/1040g3k031uor91u6ig0041554quqerq1vj621ho!nd_prv_wlteh_webp_3""}, {""url"": ""http://sns-webpic-qc.xhscdn.com/202605081906/308bdcdd36b95ea24ee5cec31f78c440/notes_pre_post/1040g3k031uor91u6ig0041554quqerq1vj621ho!nd_dft_wlteh_webp_3"", ""image_scene"": ""WB_DFT""}]}], ""tag_list"": [{""id"": ""5c22462c00000000080126b6"", ""name"": ""性格分析"", ""type"": ""topic""}, {""id"": ""6650079e000000001b03d232"", ""name"": ""sbti"", ""type"": ""topic""}, {""id"": ""61fa273d000000000101c172"", ""name"": ""猜MBTI人格"", ""type"": ""topic""}, {""id"": ""65904dbc000000003f02cbe6"", ""name"": ""抽象人格"", ""type"": ""topic""}, {""id"": ""5c2192cf000000000a0357ab"", ""name"": ""性格"
test_result,人格测试 结果,3,667bdd41000000001e011f56,超火的恋爱人格测试10道题暴露恋爱人格,初夏,4626,335,10,"{""ok"": true, ""schema_version"": ""1"", ""data"": {""cursor_score"": """", ""items"": [{""note_card"": {""last_update_time"": 1719393601000, ""share_info"": {""un_share"": false}, ""type"": ""normal"", ""user"": {""avatar"": ""https://sns-avatar-qc.xhscdn.com/avatar/1040g2jo314lpjo956e605n4nafnk61tuaporpg8"", ""xsec_token"": ""ABClUDmW9_0BbQukPy3PX4Jzse4x9K0Qz9Qnr2DA30xt0="", ""user_id"": ""5c9753ef00000000100307be"", ""nickname"": ""初夏""}, ""interact_info"": {""liked"": false, ""liked_count"": ""4626"", ""collected"": false, ""collected_count"": ""1657"", ""comment_count"": ""335"", ""share_count"": ""7481"", ""followed"": false, ""relation"": ""none""}, ""at_user_list"": [], ""time"": 1719393601000, ""note_id"": ""667bdd41000000001e011f56"", ""title"": ""超火的恋爱人格测试10道题暴露恋爱人格"", ""desc"": ""[微笑R]你们有没有这种感受，单身时的自己和恋爱时的自己判若两人，连自己都觉得陌生，明明和恋人的三观很合很搭，但是一到了相处中，就会变得矛盾不断。\n[黄金薯R]正是因为我们除了自己的性格之外，埋藏在内心的还有一种人格叫”恋爱人格”也就是探索在亲密关系中的自我。\n其实每个人都有显性和隐性两种不同的人格，比如粗犷的人内心也有细腻之处，冷静的人也 有冲动的一面，因为常常被压抑和隐藏，它们更需要释放。\n[吐舌头H]所以今天就一起来:测试一下你的恋爱人格吧~\n[派对R]\""依恋型人格“让人心疼:“害怕受伤型人格”让人忍不住想要保护他们;“回避型人格“会激起我们内心善的冲动，想为他们遮风挡雨，同时也正是因为有了不同类型的人，谈起恋爱来才精彩嘛~\n#恋爱观[话题]#  #心理测试题[话题]#  #恋爱[话题]#  #恋爱军师[话题]#  #心理[话题]#  #心理学[话题]#"", ""image_list"": [{""file_id"": """", ""height"": 1706, ""width"": 1280, ""url"": """", ""trace_id"": """", ""live_photo"": false, ""info_list"": [{""image_scene"": ""WB_PRV"", ""url"": ""http://sns-webpic-qc.xhscdn.com/202605081906/cd66efc3627614a9fc395503fa725ee7/spectrum/1040g0k0314gknubg5u005n4nafnk61tu71aut40!nd_"
test_result,MBTI 测试 朋友,9,69d1e4ce000000002302596b,mbti 找呀找呀找朋友,小狗香蕉船,24,191,6,"{""ok"": true, ""schema_version"": ""1"", ""data"": {""cursor_score"": """", ""items"": [{""id"": ""69d1e4ce000000002302596b"", ""model_type"": ""note"", ""note_card"": {""at_user_list"": [], ""time"": 1775363278000, ""share_info"": {""un_share"": false}, ""desc"": ""mbti交友贴\n留下你的mbti和想接触做朋友的mbti~遇一下有缘人\n#mbti人类图鉴[话题]# #mbti[话题]# #infp[话题]#"", ""interact_info"": {""followed"": false, ""relation"": ""none"", ""liked"": false, ""liked_count"": ""24"", ""collected"": false, ""collected_count"": ""6"", ""comment_count"": ""191"", ""share_count"": """"}, ""image_list"": [{""file_id"": """", ""trace_id"": """", ""url_default"": ""http://sns-webpic-qc.xhscdn.com/202605081906/420021fb0abbea2bd21e27a58688958f/1040g00831uild8na34cg5p166vnaapdv8qh9a10!nd_dft_wlteh_webp_3"", ""height"": 1600, ""width"": 1200, ""url"": """", ""info_list"": [{""image_scene"": ""WB_PRV"", ""url"": ""http://sns-webpic-qc.xhscdn.com/202605081906/1f80c579e419f9644c62c6a0135a4c2f/1040g00831uild8na34cg5p166vnaapdv8qh9a10!nd_prv_wlteh_webp_3""}, {""image_scene"": ""WB_DFT"", ""url"": ""http://sns-webpic-qc.xhscdn.com/202605081906/420021fb0abbea2bd21e27a58688958f/1040g00831uild8na34cg5p166vnaapdv8qh9a10!nd_dft_wlteh_webp_3""}], ""url_pre"": ""http://sns-webpic-qc.xhscdn.com/202605081906/1f80c579e419f9644c62c6a0135a4c2f/1040g00831uild8na34cg5p166vnaapdv8qh9a10!nd_prv_wlteh_webp_3"", ""stream"": {}, ""live_photo"": false}], ""tag_list"": [{""id"": ""62457e9a0000000001005a55"", ""name"": ""mbti人类图鉴"", ""type"": ""topic""}, {""name"": ""mbti"", ""t"
visual_format,大字报 精神状态,8,69ca28610000000023022709,求求这种文案，大量求🙏,水银猫,244200,13432,15,"{""ok"": true, ""schema_version"": ""1"", ""data"": {""cursor_score"": """", ""items"": [{""id"": ""69ca28610000000023022709"", ""model_type"": ""note"", ""note_card"": {""tag_list"": [{""name"": ""淡淡的疯感"", ""type"": ""topic"", ""id"": ""6558cf57000000000f03d58d""}, {""name"": ""幽默文案"", ""type"": ""topic"", ""id"": ""5e6d9aec0000000001008ecd""}, {""name"": ""排版小动物"", ""type"": ""topic"", ""id"": ""68abed9c00000000060103db""}, {""id"": ""62ef039d00000000010005d9"", ""name"": ""没有意义但有趣"", ""type"": ""topic""}, {""name"": ""发疯文学"", ""type"": ""topic"", ""id"": ""612db4120000000001002f67""}, {""id"": ""6462fdb30000000028018315"", ""name"": ""自由洒脱文案"", ""type"": ""topic""}, {""id"": ""5eb81d290000000001007586"", ""name"": ""趣味文案"", ""type"": ""topic""}, {""id"": ""5cef4cae000000000d0360ae"", ""name"": ""搞笑文案"", ""type"": ""topic""}, {""id"": ""65508fae000000001702ac41"", ""name"": ""抽象文案"", ""type"": ""topic""}, {""name"": ""求文案推荐"", ""type"": ""topic"", ""id"": ""643819ad0000000028012685""}], ""title"": ""求求这种文案，大量求🙏"", ""desc"": ""有没有类似\n“慢慢急 不要来”\n这种淡淡疯感的文案\n荒诞的幽默是给精神支柱的精雕\n我喜欢这种半丧不丧斗志昂扬的发疯。\n天真、偏执、幽默、荒谬绝伦，\n奇奇怪怪也无妨。\n#淡淡的疯感[话题]# #幽默文案[话题]# #排版小动物[话题]# #没有意义但有趣[话题]# #发疯文学[话题]# #自由洒脱文案[话题]# #趣味文案[话题]# #搞笑文案[话题]# #抽象文案[话题]# #求文案推荐[话题]#"", ""interact_info"": {""comment_count"": ""1.3万"", ""share_count"": ""3.2万"", ""followed"": false, ""relation"": ""none"", ""liked"": false, ""liked_count"": ""10万+"", ""collected"": false, ""collected_count"": ""10万+""}, ""image_list"": [{""url_default"": ""http://sns-webpic-qc.xhscdn.com/202605081906/7e7c50911625798b67398d1c34398e"
visual_format,聊天截图 文案,6,6981f0fb000000000d009d0e,当我有一个很会安慰人的毒舌朋友,小狗别吵吵,9062,687,15,"{""ok"": true, ""schema_version"": ""1"", ""data"": {""current_time"": 1778238372822, ""cursor_score"": """", ""items"": [{""id"": ""6981f0fb000000000d009d0e"", ""model_type"": ""note"", ""note_card"": {""share_info"": {""un_share"": false}, ""desc"": ""当我向朋友寻求精神慰藉时，朋友的反应belike：\n她抛烂梗的攻击力也是强的没边，可偏偏是烂梗最好笑，下一秒就被憋成翘嘴了\n\t\n#搞笑聊天记录[话题]# #我和我的冤种朋友[话题]# #虽然是神经病但没关系[话题]# #抽象日常[话题]# #抽象文案[话题]# #发疯文学[话题]# #烂梗[话题]#"", ""user"": {""user_id"": ""685640d6000000001b021af4"", ""nickname"": ""小狗别吵吵"", ""avatar"": ""https://sns-avatar-qc.xhscdn.com/avatar/1040g2jo31ivu3msahg105q2m83b6s6nki7ma6r8"", ""xsec_token"": ""ABeNroG-K_WDrVjVtkIyvovKKa49g7QV1ACX7LcNS0k28=""}, ""image_list"": [{""trace_id"": """", ""url_pre"": ""http://sns-webpic-qc.xhscdn.com/202605081906/a75e367f7e49ac8a0717cc49819bc1b0/notes_pre_post/1040g3k031s4kue4tm8105q2m83b6s6nk0e7m6v8!nd_prv_wlteh_webp_3"", ""stream"": {}, ""live_photo"": false, ""url_default"": ""http://sns-webpic-qc.xhscdn.com/202605081906/edebd0c3331003f840471f221471b4c5/notes_pre_post/1040g3k031s4kue4tm8105q2m83b6s6nk0e7m6v8!nd_dft_wlteh_webp_3"", ""file_id"": """", ""height"": 1064, ""width"": 800, ""url"": """", ""info_list"": [{""image_scene"": ""WB_PRV"", ""url"": ""http://sns-webpic-qc.xhscdn.com/202605081906/a75e367f7e49ac8a0717cc49819bc1b0/notes_pre_post/1040g3k031s4kue4tm8105q2m83b6s6nk0e7m6v8!nd_prv_wlteh_webp_3""}, {""image_scene"": ""WB_DFT"", ""url"": ""http://sns-webpic-qc.xhscdn.com/202605081906/edebd0c3331003f840471f221471b4c5/notes_pre_post"
visual_format,大字报 精神状态,5,68ecbb730000000007015c9f,,戒断,12750,1358,13,"{""ok"": true, ""schema_version"": ""1"", ""data"": {""cursor_score"": """", ""items"": [{""id"": ""68ecbb730000000007015c9f"", ""model_type"": ""note"", ""note_card"": {""desc"": ""我人生从来都没有像大学这样过的这么操蛋。#大学生心理状态[话题]#"", ""image_list"": [{""file_id"": """", ""height"": 1600, ""width"": 1200, ""trace_id"": """", ""info_list"": [{""image_scene"": ""WB_PRV"", ""url"": ""http://sns-webpic-qc.xhscdn.com/202605081906/848435e5631185723298be292284cf6f/1040g2sg31nis1e284seg5p917aeghtlab2179vo!nd_prv_wlteh_webp_3""}, {""image_scene"": ""WB_DFT"", ""url"": ""http://sns-webpic-qc.xhscdn.com/202605081906/57bebe0ef52988ce36c4fcd5c5e5dbc1/1040g2sg31nis1e284seg5p917aeghtlab2179vo!nd_dft_wlteh_webp_3""}], ""url_pre"": ""http://sns-webpic-qc.xhscdn.com/202605081906/848435e5631185723298be292284cf6f/1040g2sg31nis1e284seg5p917aeghtlab2179vo!nd_prv_wlteh_webp_3"", ""url_default"": ""http://sns-webpic-qc.xhscdn.com/202605081906/57bebe0ef52988ce36c4fcd5c5e5dbc1/1040g2sg31nis1e284seg5p917aeghtlab2179vo!nd_dft_wlteh_webp_3"", ""live_photo"": false, ""url"": """", ""stream"": {}}], ""tag_list"": [{""id"": ""631bfae3000000000100b38c"", ""name"": ""大学生心理状态"", ""type"": ""topic""}], ""time"": 1760344947000, ""last_update_time"": 1760344947000, ""share_info"": {""un_share"": false}, ""note_id"": ""68ecbb730000000007015c9f"", ""type"": ""normal"", ""title"": """", ""user"": {""user_id"": ""65213a9d000000000200f6aa"", ""nickname"": ""戒断"", ""avatar"": ""https://sns-avatar-qc.xhscdn.com/avatar/1040g2jo31qeg2eop0m6g5p917aeghtlapr9rb58"
visual_format,大字报 精神状态,9,691b3bbd00000000070035bd,大学十大脑残行为,Sisley,13230,1249,13,"{""ok"": true, ""schema_version"": ""1"", ""data"": {""cursor_score"": """", ""items"": [{""id"": ""691b3bbd00000000070035bd"", ""model_type"": ""note"", ""note_card"": {""type"": ""normal"", ""time"": 1763392445000, ""user"": {""avatar"": ""https://sns-avatar-qc.xhscdn.com/avatar/1040g2jo31j5amj9iii005nmj8et08udl08c4lc0"", ""xsec_token"": ""AB_B4jz66ql1UILbM2OKA9b3GypOKEDJVg8-hIqhKDBd0="", ""user_id"": ""5ed343ba00000000010079b5"", ""nickname"": ""Sisley""}, ""interact_info"": {""collected"": false, ""collected_count"": ""1053"", ""comment_count"": ""1249"", ""share_count"": ""3469"", ""followed"": false, ""relation"": ""none"", ""liked"": false, ""liked_count"": ""1.3万""}, ""image_list"": [{""info_list"": [{""image_scene"": ""WB_PRV"", ""url"": ""http://sns-webpic-qc.xhscdn.com/202605081906/14428c44848172f3a5b969bd146ef1ff/1040g00831p09282ji6005nmj8et08udldquvjn8!nd_prv_wlteh_webp_3""}, {""image_scene"": ""WB_DFT"", ""url"": ""http://sns-webpic-qc.xhscdn.com/202605081906/fec37adcac3c1f5d292b5b4561375938/1040g00831p09282ji6005nmj8et08udldquvjn8!nd_dft_wlteh_webp_3""}], ""url_default"": ""http://sns-webpic-qc.xhscdn.com/202605081906/fec37adcac3c1f5d292b5b4561375938/1040g00831p09282ji6005nmj8et08udldquvjn8!nd_dft_wlteh_webp_3"", ""stream"": {}, ""live_photo"": false, ""file_id"": """", ""height"": 2400, ""width"": 1440, ""trace_id"": """", ""url"": """", ""url_pre"": ""http://sns-webpic-qc.xhscdn.com/202605081906/14428c44848172f3a5b969bd146ef1ff/1040g00831p09282ji6005nmj8et08udldquvjn8!nd_prv_wlteh_"
visual_format,备忘录 文案,5,68cda3a4000000000e00e686,,恋如雨止,167007,4467,13,"{""ok"": true, ""schema_version"": ""1"", ""data"": {""cursor_score"": """", ""items"": [{""id"": ""68cda3a4000000000e00e686"", ""model_type"": ""note"", ""note_card"": {""note_id"": ""68cda3a4000000000e00e686"", ""title"": """", ""desc"": ""文艺逼最爱的文案\n自存贴"", ""user"": {""user_id"": ""67a1b39a000000000d00a020"", ""nickname"": ""恋如雨止"", ""avatar"": ""https://sns-avatar-qc.xhscdn.com/avatar/1040g2jo31vpb1fho2g005pt1med39810obapm8g"", ""xsec_token"": ""ABIlNlBZDigs7WYrD9-qzJ40aVf-2MX0bMVY_IkqQQH-g=""}, ""interact_info"": {""relation"": ""none"", ""liked"": false, ""liked_count"": ""10万+"", ""collected"": false, ""collected_count"": ""10万+"", ""comment_count"": ""4467"", ""share_count"": ""4488"", ""followed"": false}, ""image_list"": [{""width"": 1200, ""url_pre"": ""http://sns-webpic-qc.xhscdn.com/202605081906/e261df845899b01d37a074f97fcb8762/1040g2sg31mkgemjc58e05pt1med39810dbfa5kg!nd_prv_wlteh_webp_3"", ""stream"": {}, ""live_photo"": false, ""file_id"": """", ""height"": 1600, ""url"": """", ""trace_id"": """", ""info_list"": [{""url"": ""http://sns-webpic-qc.xhscdn.com/202605081906/e261df845899b01d37a074f97fcb8762/1040g2sg31mkgemjc58e05pt1med39810dbfa5kg!nd_prv_wlteh_webp_3"", ""image_scene"": ""WB_PRV""}, {""image_scene"": ""WB_DFT"", ""url"": ""http://sns-webpic-qc.xhscdn.com/202605081906/7385f35c6f56c4f1d5bb414ae27cbd4a/1040g2sg31mkgemjc58e05pt1med39810dbfa5kg!nd_dft_wlteh_webp_3""}], ""url_default"": ""http://sns-webpic-qc.xhscdn.com/202605081906/7385f35c6f56c4f1d5bb414ae27cbd4a/1040g2sg31mkgemjc58e"
visual_format,聊天截图 文案,2,68bbada3000000001c030ab8,和男朋友聊天我是拿手的,楠楠,28813,265,12,"{""ok"": true, ""schema_version"": ""1"", ""data"": {""current_time"": 1778238385508, ""cursor_score"": """", ""items"": [{""id"": ""68bbada3000000001c030ab8"", ""model_type"": ""note"", ""note_card"": {""title"": ""和男朋友聊天我是拿手的"", ""interact_info"": {""collected"": false, ""collected_count"": ""1.2万"", ""comment_count"": ""265"", ""share_count"": ""1535"", ""followed"": false, ""relation"": ""none"", ""liked"": false, ""liked_count"": ""2.9万""}, ""image_list"": [{""file_id"": """", ""height"": 1563, ""width"": 1170, ""trace_id"": """", ""live_photo"": false, ""url"": """", ""info_list"": [{""url"": ""http://sns-webpic-qc.xhscdn.com/202605081906/df3a5325aca005c309b93266d0461a66/notes_pre_post/1040g3k831m2v2h6b58a05n1r2hehgtp109dtqn0!nd_prv_wlteh_webp_3"", ""image_scene"": ""WB_PRV""}, {""image_scene"": ""WB_DFT"", ""url"": ""http://sns-webpic-qc.xhscdn.com/202605081906/ac4f160b36b017370921ea7f289e5c9e/notes_pre_post/1040g3k831m2v2h6b58a05n1r2hehgtp109dtqn0!nd_dft_wlteh_webp_3""}], ""url_pre"": ""http://sns-webpic-qc.xhscdn.com/202605081906/df3a5325aca005c309b93266d0461a66/notes_pre_post/1040g3k831m2v2h6b58a05n1r2hehgtp109dtqn0!nd_prv_wlteh_webp_3"", ""url_default"": ""http://sns-webpic-qc.xhscdn.com/202605081906/ac4f160b36b017370921ea7f289e5c9e/notes_pre_post/1040g3k831m2v2h6b58a05n1r2hehgtp109dtqn0!nd_dft_wlteh_webp_3"", ""stream"": {}}, {""file_id"": """", ""url"": """", ""url_pre"": ""http://sns-webpic-qc.xhscdn.com/202605081906/4a597c84b9d38999d1bc7fcb968e8415/notes_pre_post/1040g3k831m2v2"
visual_format,备忘录 文案,1,67cfbb60000000000603cc66,“我擅长感受，却拙于开口”,李晴朗与雾,38576,551,11,"{""ok"": true, ""schema_version"": ""1"", ""data"": {""cursor_score"": """", ""items"": [{""id"": ""67cfbb60000000000603cc66"", ""model_type"": ""note"", ""note_card"": {""at_user_list"": [{""user_id"": ""622f299f00000000100098c8"", ""nickname"": ""热点薯"", ""xsec_token"": ""ABO4TK93R5GB0KeySvARpsOwV8Yv7nl3YmSYMtJGRMovc=""}], ""last_update_time"": 1757732332000, ""title"": ""“我擅长感受，却拙于开口”"", ""desc"": ""细腻者心向繁花，却常忘己。愿每个敏感灵魂，既能感知万物，也懂自我珍视。\n\t\n可惜，我总是在这个平衡里踉跄。我总是试图用目光替代拥抱，用察言观色填补语言的空白。我能分辨风拂过树叶的声音，看得见晨露在叶尖悬着震颤的宇宙，地铁站里陌生人睫毛上挂着的疲惫，但我却未能学会轻松表达自己，那些比风更躁动的情绪常常梗塞在喉头。\n感受比行动更容易，也更安全。这是细腻敏感者的矛盾宿命。\n我经常想，对生命的敏感是一种幸运吗？而每次得到的答案，总是说不清的复杂混沌。朋友说我像一面镜子，能映照出他们生活里每一道细微细节，却在说起自己的感受时，莫名空白。我也会气恼：为什么总想掩藏，却又如此渴望被看见？\n后来，发现这不是我一个人的困境。那些敏感而真诚的人，总能轻易接住别人的破碎，洞悉情绪深处的光和暗，但温柔久了仿佛累积成厚重的铠甲，像沉默的城墙，既保护自己，也冷漠了对外的港口。\n你有没有想过：这样会不会忘记了自己？在期待懂得别人的同时，要告诉他人我们的世界需要烟火，也需要理解。\n我们应该开始学着对人对己温柔。学会不再嘲笑自己的脆弱，也试着直接告诉朋友：“陪陪我，我有点累。”时间教会人的，不是变得坚不可摧，而是能卸下那过度的敏感，拾起自我的勇气。\n假如命运让我擅长倾听与感受，那么我愿让世界听见我的声音，哪怕它初时颤抖不安，但那便是真相，也是心灵的自在所在。\n敏感从来不是错，何必执意抗拒？愿我们能为繁花驻足，也学会善待自己。这天地万物全然深爱我们，我们也应该从心底慢慢学爱自己。\n\t\n以上。\n祝你早安午安晚安，有趣有盼。@校园薯 @热点薯\n#大大方方做自己[话题]# #原创随笔[话题]# #文案[话题]# #治愈[话题]# #成长[话题]# #社恐日常[话题]# #高敏感[话题]# #表达能力[话题]# #感受到了文字的力量[话题]# #我在好好感受这个世界[话题]# #生活荣誉博士[话题]#  #生活走读生[话题]# #小红书游学团[话题]#"", ""user"": {""avatar"": ""https://sns-avatar-qc.xhscdn.com/avatar/1040g2jo31p454hf1jc005oabp5p0kb92f5kfmag"", ""xsec_token"": ""ABji-i0sDLH9JyJs_YpR1dzcNrcGA1sjUkgGIo5vsKVTw="", ""user_id"": ""614bc9720000000002022d22"", "
visual_format,状态卡,2,691470d1000000000400617e,微信状态-该用户正在馒头苦干,有趣的兔子,10198,285,10,"{""ok"": true, ""schema_version"": ""1"", ""data"": {""items"": [{""id"": ""691470d1000000000400617e"", ""model_type"": ""note"", ""note_card"": {""interact_info"": {""followed"": false, ""relation"": ""none"", ""liked"": false, ""liked_count"": ""1万"", ""collected"": false, ""collected_count"": ""3432"", ""comment_count"": ""285"", ""share_count"": ""2658""}, ""image_list"": [{""height"": 1572, ""url"": """", ""url_pre"": ""http://sns-webpic-qc.xhscdn.com/202605081906/c5f62b013ac15cc87ac90a902d6c3f8c/1040g2sg31opktpkhhq005o24c3308flh4p6ft9o!nd_prv_wlteh_webp_3"", ""url_default"": ""http://sns-webpic-qc.xhscdn.com/202605081906/ca2822e9a70f9a0e820a35d29dff357a/1040g2sg31opktpkhhq005o24c3308flh4p6ft9o!nd_dft_wlteh_webp_3"", ""live_photo"": false, ""file_id"": """", ""width"": 1180, ""trace_id"": """", ""info_list"": [{""url"": ""http://sns-webpic-qc.xhscdn.com/202605081906/c5f62b013ac15cc87ac90a902d6c3f8c/1040g2sg31opktpkhhq005o24c3308flh4p6ft9o!nd_prv_wlteh_webp_3"", ""image_scene"": ""WB_PRV""}, {""image_scene"": ""WB_DFT"", ""url"": ""http://sns-webpic-qc.xhscdn.com/202605081906/ca2822e9a70f9a0e820a35d29dff357a/1040g2sg31opktpkhhq005o24c3308flh4p6ft9o!nd_dft_wlteh_webp_3""}], ""stream"": {}}, {""url_pre"": ""http://sns-webpic-qc.xhscdn.com/202605081906/64aac1eaf1026408ecb6910f619bdee5/1040g2sg31opktpkhhq0g5o24c3308flh1tprv9g!nd_prv_wlteh_webp_3"", ""url_default"": ""http://sns-webpic-qc.xhscdn.com/202605081906/bd2500b7093bc5d77a3cec53e62d69d2/1040g2sg31opktpkhhq0g5o24c3308flh1t"
visual_format,状态卡,3,68f995cf0000000005003617,微信状态-该用户正在摸鱼,有趣的兔子,6060,185,9,"{""ok"": true, ""schema_version"": ""1"", ""data"": {""cursor_score"": """", ""items"": [{""id"": ""68f995cf0000000005003617"", ""model_type"": ""note"", ""note_card"": {""type"": ""normal"", ""interact_info"": {""liked_count"": ""6060"", ""collected"": false, ""collected_count"": ""2019"", ""comment_count"": ""185"", ""share_count"": ""1704"", ""followed"": false, ""relation"": ""none"", ""liked"": false}, ""at_user_list"": [], ""image_list"": [{""stream"": {}, ""width"": 1180, ""url"": """", ""trace_id"": """", ""url_default"": ""http://sns-webpic-qc.xhscdn.com/202605081906/ab908b8fa84d17e9d9855141809ec311/1040g2sg31nvbmt3d06i05o24c3308flhit7hao8!nd_dft_wlteh_webp_3"", ""live_photo"": false, ""file_id"": """", ""height"": 1572, ""info_list"": [{""image_scene"": ""WB_PRV"", ""url"": ""http://sns-webpic-qc.xhscdn.com/202605081906/dddbe0a42637a5c2e903054c1d7116ce/1040g2sg31nvbmt3d06i05o24c3308flhit7hao8!nd_prv_wlteh_webp_3""}, {""image_scene"": ""WB_DFT"", ""url"": ""http://sns-webpic-qc.xhscdn.com/202605081906/ab908b8fa84d17e9d9855141809ec311/1040g2sg31nvbmt3d06i05o24c3308flhit7hao8!nd_dft_wlteh_webp_3""}], ""url_pre"": ""http://sns-webpic-qc.xhscdn.com/202605081906/dddbe0a42637a5c2e903054c1d7116ce/1040g2sg31nvbmt3d06i05o24c3308flhit7hao8!nd_prv_wlteh_webp_3""}, {""width"": 1180, ""info_list"": [{""image_scene"": ""WB_PRV"", ""url"": ""http://sns-webpic-qc.xhscdn.com/202605081906/6a8001624ec23c8734c5a5a71b475c9a/1040g2sg31nvbmt3d06j05o24c3308flhds2em68!nd_prv_wlteh_webp_3""}, {""image_scene"": """
visual_format,状态卡,10,68fc6a080000000004001dac,微信状态-该用户真是莓招了,有趣的兔子,5561,169,9,"{""ok"": true, ""schema_version"": ""1"", ""data"": {""current_time"": 1778238395197, ""cursor_score"": """", ""items"": [{""id"": ""68fc6a080000000004001dac"", ""model_type"": ""note"", ""note_card"": {""interact_info"": {""collected_count"": ""1739"", ""comment_count"": ""169"", ""share_count"": ""1334"", ""followed"": false, ""relation"": ""none"", ""liked"": false, ""liked_count"": ""5561"", ""collected"": false}, ""tag_list"": [{""name"": ""chiikaw"", ""type"": ""topic"", ""id"": ""64d9e7d10000000018019fef""}, {""id"": ""620bac9e000000000101ffb8"", ""name"": ""吉伊卡哇"", ""type"": ""topic""}, {""id"": ""6412cfab000000000a00503f"", ""name"": ""乌萨奇"", ""type"": ""topic""}, {""type"": ""topic"", ""id"": ""5be9c3c21cc2b50001405d98"", ""name"": ""可爱头像""}, {""id"": ""5be17b1bf5ef5e00017afd66"", ""name"": ""情侣头像"", ""type"": ""topic""}, {""id"": ""651edcb3000000000d00678c"", ""name"": ""乌萨奇头像"", ""type"": ""topic""}, {""id"": ""611bd3380000000001002f7a"", ""name"": ""微信动态"", ""type"": ""topic""}, {""id"": ""5e73601e00000000010028f0"", ""name"": ""微信动态图"", ""type"": ""topic""}, {""id"": ""5ca7e3f5000000000f00e010"", ""name"": ""有趣日常"", ""type"": ""topic""}, {""id"": ""5be16060743d3a000186cfe9"", ""name"": ""表情包"", ""type"": ""topic""}], ""share_info"": {""un_share"": false}, ""note_id"": ""68fc6a080000000004001dac"", ""user"": {""user_id"": ""604460c60000000001003eb1"", ""nickname"": ""有趣的兔子"", ""avatar"": ""https://sns-avatar-qc.xhscdn.com/avatar/1040g2jo31nuef0hrg6005o24c3308flhtibptgo"", ""xsec_token"": ""ABWnOJ9NQTRW5MEcXG7mrLbQvN5NiSlLQxSmmE_TrD1P8=""}, ""desc"": ""新的图来啦，原图在主页群里，"
